年度,年,月,URL
平成21年度,2009,12,https://www.city.myoko.niigata.jp/docs/804.html
平成21年度,2010,1,https://www.city.myoko.niigata.jp/docs/805.html
平成21年度,2010,2,https://www.city.myoko.niigata.jp/docs/806.html
平成21年度,2010,3,https://www.city.myoko.niigata.jp/docs/807.html
平成21年度,2010,4,https://www.city.myoko.niigata.jp/docs/808.html
平成22年度,2010,12,https://www.city.myoko.niigata.jp/docs/809.html
平成22年度,2011,1,https://www.city.myoko.niigata.jp/docs/810.html
平成22年度,2011,2,https://www.city.myoko.niigata.jp/docs/811.html
平成22年度,2011,3,https://www.city.myoko.niigata.jp/docs/812.html
平成22年度,2011,4,https://www.city.myoko.niigata.jp/docs/813.html
平成23年度,2011,12,https://www.city.myoko.niigata.jp/docs/814.html
平成23年度,2012,1,https://www.city.myoko.niigata.jp/docs/815.html
平成23年度,2012,2,https://www.city.myoko.niigata.jp/docs/816.html
平成23年度,2012,3,https://www.city.myoko.niigata.jp/docs/818.html
平成23年度,2012,4,https://www.city.myoko.niigata.jp/docs/819.html
平成23年度,2012,5,https://www.city.myoko.niigata.jp/docs/820.html
平成24年度,2012,12,https://www.city.myoko.niigata.jp/docs/821.html
平成24年度,2013,1,https://www.city.myoko.niigata.jp/docs/822.html
平成24年度,2013,2,https://www.city.myoko.niigata.jp/docs/823.html
平成24年度,2013,3,https://www.city.myoko.niigata.jp/docs/824.html
平成24年度,2013,4,https://www.city.myoko.niigata.jp/docs/826.html
平成25年度,2013,11,https://www.city.myoko.niigata.jp/docs/342.html
平成25年度,2013,12,https://www.city.myoko.niigata.jp/docs/343.html
平成25年度,2014,1,https://www.city.myoko.niigata.jp/docs/344.html
平成25年度,2014,2,https://www.city.myoko.niigata.jp/docs/346.html
平成25年度,2014,3,https://www.city.myoko.niigata.jp/docs/348.html
平成25年度,2014,4,https://www.city.myoko.niigata.jp/docs/347.html
平成26年度,2014,11,https://www.city.myoko.niigata.jp/docs/349.html
平成26年度,2014,12,https://www.city.myoko.niigata.jp/docs/352.html
平成26年度,2015,1,https://www.city.myoko.niigata.jp/docs/354.html
平成26年度,2015,2,https://www.city.myoko.niigata.jp/docs/357.html
平成26年度,2015,3,https://www.city.myoko.niigata.jp/docs/358.html
平成26年度,2015,4,https://www.city.myoko.niigata.jp/docs/361.html
平成27年度,2015,11,https://www.city.myoko.niigata.jp/docs/362.html
平成27年度,2015,12,https://www.city.myoko.niigata.jp/docs/364.html
平成27年度,2016,1,https://www.city.myoko.niigata.jp/docs/366.html
平成27年度,2016,2,https://www.city.myoko.niigata.jp/docs/367.html
平成27年度,2016,3,https://www.city.myoko.niigata.jp/docs/368.html
平成27年度,2016,4,https://www.city.myoko.niigata.jp/docs/369.html
平成28年度,2016,11,https://www.city.myoko.niigata.jp/docs/370.html
平成28年度,2016,12,https://www.city.myoko.niigata.jp/docs/371.html
平成28年度,2017,1,https://www.city.myoko.niigata.jp/docs/374.html
平成28年度,2017,2,https://www.city.myoko.niigata.jp/docs/375.html
平成28年度,2017,3,https://www.city.myoko.niigata.jp/docs/377.html
平成28年度,2017,4,https://www.city.myoko.niigata.jp/docs/378.html
平成29年度,2017,11,https://www.city.myoko.niigata.jp/docs/379.html
平成29年度,2017,12,https://www.city.myoko.niigata.jp/docs/380.html
平成29年度,2018,1,https://www.city.myoko.niigata.jp/docs/383.html
平成29年度,2018,2,https://www.city.myoko.niigata.jp/docs/385.html
平成29年度,2018,3,https://www.city.myoko.niigata.jp/docs/386.html
平成29年度,2018,4,https://www.city.myoko.niigata.jp/docs/382.html
平成30年度,2018,11,https://www.city.myoko.niigata.jp/docs/387.html
平成30年度,2018,12,https://www.city.myoko.niigata.jp/docs/388.html
平成30年度,2019,1,https://www.city.myoko.niigata.jp/docs/389.html
平成30年度,2019,2,https://www.city.myoko.niigata.jp/docs/390.html
平成30年度,2019,3,https://www.city.myoko.niigata.jp/docs/391.html
平成30年度,2019,4,https://www.city.myoko.niigata.jp/docs/392.html
令和元年度,2019,11,https://www.city.myoko.niigata.jp/docs/738.html
令和元年度,2019,12,https://www.city.myoko.niigata.jp/docs/1397.html
令和元年度,2020,1,https://www.city.myoko.niigata.jp/docs/739.html
令和元年度,2020,2,https://www.city.myoko.niigata.jp/docs/1748.html
令和元年度,2020,3,https://www.city.myoko.niigata.jp/docs/2087.html
令和元年度,2020,4,https://www.city.myoko.niigata.jp/docs/2307.html
令和2年度,2020,11,https://www.city.myoko.niigata.jp/docs/3914.html
令和2年度,2020,12,https://www.city.myoko.niigata.jp/docs/4019.html
令和2年度,2021,1,https://www.city.myoko.niigata.jp/docs/4020.html
令和2年度,2021,2,https://www.city.myoko.niigata.jp/docs/4021.html
令和2年度,2021,3,https://www.city.myoko.niigata.jp/docs/4608.html
令和2年度,2021,4,https://www.city.myoko.niigata.jp/docs/4023.html
令和3年度,2021,11,https://www.city.myoko.niigata.jp/docs/6240.html
令和3年度,2021,12,https://www.city.myoko.niigata.jp/docs/6538.html
令和3年度,2022,1,https://www.city.myoko.niigata.jp/docs/30540.html
令和3年度,2022,2,https://www.city.myoko.niigata.jp/docs/6744.html
令和3年度,2022,3,https://www.city.myoko.niigata.jp/docs/26500.html
令和3年度,2022,4,https://www.city.myoko.niigata.jp/docs/6375.html
令和4年度,2022,12,https://www.city.myoko.niigata.jp/docs/39646.html
令和4年度,2023,1,https://www.city.myoko.niigata.jp/docs/39647.html
令和4年度,2023,2,https://www.city.myoko.niigata.jp/docs/39648.html
令和4年度,2023,3,https://www.city.myoko.niigata.jp/docs/39649.html
令和4年度,2023,4,https://www.city.myoko.niigata.jp/docs/43898.html
令和5年度,2023,11,https://www.city.myoko.niigata.jp/docs/52947.html
令和5年度,2023,12,https://www.city.myoko.niigata.jp/docs/52948.html
令和5年度,2024,1,https://www.city.myoko.niigata.jp/docs/52957.html
令和5年度,2024,2,https://www.city.myoko.niigata.jp/docs/52958.html
令和5年度,2024,3,https://www.city.myoko.niigata.jp/docs/52959.html
令和5年度,2024,4,https://www.city.myoko.niigata.jp/docs/57194.html
令和6年度,2024,11,https://www.city.myoko.niigata.jp/docs/64617.html
令和6年度,2024,12,https://www.city.myoko.niigata.jp/docs/64711.html
令和6年度,2025,1,https://www.city.myoko.niigata.jp/docs/64741.html
令和6年度,2025,2,https://www.city.myoko.niigata.jp/docs/64742.html
令和6年度,2025,3,https://www.city.myoko.niigata.jp/docs/64743.html
令和6年度,2025,4,https://www.city.myoko.niigata.jp/docs/67163.html
令和7年度,2025,11,https://www.city.myoko.niigata.jp/docs/75618.html
令和7年度,2025,12,https://www.city.myoko.niigata.jp/docs/75741.html
令和7年度,2026,1,https://www.city.myoko.niigata.jp/docs/77608.html
令和7年度,2026,2,https://www.city.myoko.niigata.jp/docs/78130.html
令和7年度,2026,3,https://www.city.myoko.niigata.jp/docs/78543.html
